{
  "_comment":
  "This JSON file maps wavenumbers to byte offsets for HITEMP CO2 data.\nLeft column: Wavenumber values in cm⁻¹ (wave numbers for CO2 spectral lines).\nRight column: Byte offset positions in the decompressed data stream where each wavenumber section begins.",

  "data": {
    "0.0000011": 0,
    "261.1800004": 524288000,
    "437.4980801": 1048576000,
    "507.8915201": 1572864000,
    "556.4873906": 2097152000,
    "594.0994902": 2621440000,
    "622.0132301": 3145728000,
    "644.8482503": 3670016000,
    "665.4592205": 4194304000,
    "685.9259202": 4718592000,
    "707.4367602": 5242880000,
    "731.0390401": 5767168000,
    "756.5171906": 6291456000,
    "786.1251601": 6815744000,
    "822.9802502": 7340032000,
    "872.6459204": 7864320000,
    "940.9876304": 8388608000,
    "1023.5656306": 8912896000,
    "1189.9940005": 9437184000,
    "1438.2070007": 9961472000,
    "1659.2160003": 10485760000,
    "1753.6413707": 11010048000,
    "1794.7390005": 11534336000,
    "1822.8528602": 12058624000,
    "1845.6255902": 12582912000,
    "1865.9547002": 13107200000,
    "1884.9644407": 13631488000,
    "1902.7579601": 14155776000,
    "1919.2556301": 14680064000,
    "1934.5940401": 15204352000,
    "1949.1317909": 15728640000,
    "1963.2061107": 16252928000,
    "1976.9010003": 16777216000,
    "1990.3132801": 17301504000,
    "2003.5890001": 17825792000,
    "2016.8640002": 18350080000,
    "2030.1861504": 18874368000,
    "2043.7126101": 19398656000,
    "2057.7309801": 19922944000,
    "2072.5494202": 20447232000,
    "2088.8784402": 20971520000,
    "2108.1827701": 21495808000,
    "2134.3791704": 22020096000,
    "2176.3440809": 22544384000,
    "2273.6519109": 23068672000,
    "2446.5650001": 23592960000,
    "2659.7220002": 24117248000,
    "2876.4700002": 24641536000,
    "2975.5079303": 25165824000,
    "3044.7820102": 25690112000,
    "3102.9030103": 26214400000,
    "3153.9987601": 26738688000,
    "3197.0483601": 27262976000,
    "3234.0391308": 27787264000,
    "3268.8696804": 28311552000,
    "3302.2217505": 28835840000,
    "3332.8513403": 29360128000,
    "3363.7360802": 29884416000,
    "3396.9706003": 30408704000,
    "3431.8487401": 30932992000,
    "3468.7313901": 31457280000,
    "3508.6732902": 31981568000,
    "3554.7238706": 32505856000,
    "3615.5500702": 33030144000,
    "3722.3210003": 33554432000,
    "3871.3642909": 34078720000,
    "4088.2110001": 34603008000,
    "4271.2980006": 35127296000,
    "4405.5831301": 35651584000,
    "4514.8930002": 36175872000,
    "4614.0110009": 36700160000,
    "4715.8140006": 37224448000,
    "4827.8460701": 37748736000,
    "4947.4780401": 38273024000,
    "5088.6110002": 38797312000,
    "5299.6110006": 39321600000,
    "5554.9890005": 39845888000,
    "5788.4640005": 40370176000,
    "6002.6184005": 40894464000,
    "6218.8030006": 41418752000,
    "6443.9110001": 41943040000,
    "6699.2030004": 42467328000,
    "6992.4250002": 42991616000,
    "7282.2810005": 43515904000,
    "7572.5020003": 44040192000,
    "7863.6360002": 44564480000,
    "8164.7930002": 45088768000,
    "8479.6080001": 45613056000,
    "8796.3880001": 46137344000,
    "9115.4820007": 46661632000,
    "9438.4060003": 47185920000,
    "9768.2020008": 47710208000
  }
}