{
"CO": {
    "isotopes":{
        "1": {
            "electronic_level":{
                "001":{
                    "Te_cm-1": 0.0,
                    "dzero_cm^-1": 89490.0,
                    "g_e": 1.0,
                    "index": 1,
                    "name": "X1SIG+",
                    "nvib1": 17,
                    "nvib2": 83,
                    "r_equil_angstrom": 1.128323,
                    "#REF_Yij": "Guelachvili 1983 doi/10.1016/0022-2852(83)90203-5",
                    "#DOI": "10.1016/0022-2852(83)90203-5",
                    "Y10_cm-1":  0.2169813079e+04,
                    "Y20_cm-1": -0.1328790587e+02,
                    "Y30_cm-1":  0.1041444739e-01,
                    "Y40_cm-1":  0.6921598529e-04,
                    "Y50_cm-1":  0.1657890319e-06,
                    "Y60_cm-1":  0.2466226718e-08,
                    "Y70_cm-1": -0.8630071431e-09,
                    "Y80_cm-1":  0.1261536024e-10,
                    "Y90_cm-1": -0.8363842545e-13,
                    "Y01_cm-1":  0.1931280862e+01,
                    "Y11_cm-1": -0.1750410135e-01,
                    "Y21_cm-1":  0.5422101371e-06,
                    "Y31_cm-1":  0.1311844382e-07,
                    "Y41_cm-1":  0.1401093703e-08,
                    "Y51_cm-1": -0.3829907475e-11,
                    "Y61_cm-1": -0.1434127145e-11,
                    "Y02_cm-1": -0.6120747566e-05,
                    "Y12_cm-1":  0.9449843093e-09,
                    "Y22_cm-1": -0.1430768382e-09,
                    "Y32_cm-1": -0.2027592559e-11,
                    "Y42_cm-1":  0.1660533203e-12,
                    "Y52_cm-1": -0.4714582132e-14,
                    "Y03_cm-1":  0.5335386989e-11,
                    "Y13_cm-1": -0.1512462732e-12,
                    "Y23_cm-1": -0.1471295100e-14,
                    "ZPE_cm-1": 1081.5858691696353
                   }
                },
            "electronic_levels_names": [
                "X1SIG+"
                ]
            },
        "2": {
            "electronic_level":{
                "001":{
                    "Te_cm-1": 0.0,
                    "dzero_cm^-1": 89490.0,
                    "g_e": 1.0,
                    "index": 1,
                    "name": "X1SIG+",
                    "nvib1": 17,
                    "nvib2": 83,
                    "r_equil_angstrom": 1.128323,
                    "#REF_Yij": "Guelachvili 1983 doi/10.1016/0022-2852(83)90203-5",
                    "#DOI": "10.1016/0022-2852(83)90203-5",
                    "Y10_cm-1":  0.2121439427e+04,
                    "Y20_cm-1": -0.1270207525e+02,
                    "Y30_cm-1":  0.9733876180e-02,
                    "Y40_cm-1":  0.6324758585e-04,
                    "Y50_cm-1":  0.1481162575e-06,
                    "Y60_cm-1":  0.2154216361e-08,
                    "Y70_cm-1": -0.7370214014e-09,
                    "Y80_cm-1":  0.1053354978e-10,
                    "Y90_cm-1": -0.6827949978e-13,
                    "Y01_cm-1":  0.1846151538e+01,
                    "Y11_cm-1": -0.1635943496e-01,
                    "Y21_cm-1":  0.4954561009e-06,
                    "Y31_cm-1":  0.1172004433e-07,
                    "Y41_cm-1":  0.1223836787e-08,
                    "Y51_cm-1": -0.4978830838e-11,
                    "Y61_cm-1": -0.1197464788e-11,
                    "Y02_cm-1": -0.5592963902e-05,
                    "Y12_cm-1":  0.8442508999e-09,
                    "Y22_cm-1": -0.1267226939e-09,
                    "Y32_cm-1": -0.2500209167e-11,
                    "Y42_cm-1":  0.1386508893e-12,
                    "Y52_cm-1": -0.3848820777e-14,
                    "Y03_cm-1":  0.4852556927e-11,
                    "Y13_cm-1": -0.1291667338e-12,
                    "Y23_cm-1": -0.1228499217e-14,
                    "ZPE_cm-1": 1057.5454153796532
                    }
                },
            "electronic_levels_names": [
                "X1SIG+"
                ]
            },
        "3": {
            "electronic_level":{
                "001":{
                    "Te_cm-1": 0.0,
                    "dzero_cm^-1": 89490.0,
                    "g_e": 1.0,
                    "index": 1,
                    "name": "X1SIG+",
                    "nvib1": 17,
                    "nvib2": 83,
                    "r_equil_angstrom": 1.128323,
                    "#REF_Yij": "Guelachvili 1983 doi/10.1016/0022-2852(83)90203-5",
                    "#DOI": "10.1016/0022-2852(83)90203-5",
                    "Y10_cm-1":  0.2117397638e+04,
                    "Y20_cm-1": -0.1265370812e+02,
                    "Y30_cm-1":  0.9677944280e-02,
                    "Y40_cm-1":  0.6276617822e-04,
                    "Y50_cm-1":  0.1467083713e-06,
                    "Y60_cm-1":  0.2129668065e-08,
                    "Y70_cm-1": -0.7272322513e-09,
                    "Y80_cm-1":  0.1037380826e-10,
                    "Y90_cm-1": -0.6711571617e-13,
                    "Y01_cm-1":  0.1839113794e+01,
                    "Y11_cm-1": -0.1626604488e-01,
                    "Y21_cm-1":  0.4916849476e-06,
                    "Y31_cm-1":  0.1160864205e-07,
                    "Y41_cm-1":  0.1209890598e-08,
                    "Y51_cm-1": -0.4912701791e-11,
                    "Y61_cm-1": -0.1179305208e-11,
                    "Y02_cm-1": -0.5530393178e-05,
                    "Y12_cm-1":  0.8362260601e-09,
                    "Y22_cm-1": -0.1252786320e-09,
                    "Y32_cm-1": -0.2467001281e-11,
                    "Y42_cm-1":  0.1365482455e-12,
                    "Y52_cm-1": -0.3783219908e-14,
                    "Y03_cm-1":  0.4797259788e-11,
                    "Y13_cm-1": -0.1274511357e-12,
                    "Y23_cm-1": -0.1209868999e-14,
                    "ZPE_cm-1": 1055.536605640533
                    }
                },
            "electronic_levels_names": [
                "X1SIG+"
                ]
            },
        "4": {
            "electronic_level":{
                "001":{
                    "Te_cm-1": 0.0,
                    "dzero_cm^-1": 89490.0,
                    "g_e": 1.0,
                    "index": 1,
                    "name": "X1SIG+",
                    "nvib1": 17,
                    "nvib2": 83,
                    "r_equil_angstrom": 1.128323,
                    "#REF_Yij": "Guelachvili 1983 doi/10.1016/0022-2852(83)90203-5",
                    "#DOI": "10.1016/0022-2852(83)90203-5",
                    "Y10_cm-1":  0.2142165337e+04,
                    "Y20_cm-1": -0.1295145126e+02,
                    "Y30_cm-1":  0.1002147675e-01,
                    "Y40_cm-1":  0.6575495103e-04,
                    "Y50_cm-1":  0.1554921118e-06,
                    "Y60_cm-1":  0.2283579198e-08,
                    "Y70_cm-1": -0.7889109439e-09,
                    "Y80_cm-1":  0.1138528123e-10,
                    "Y90_cm-1": -0.7452130783e-13,
                    "Y01_cm-1":  0.1882384430e+01,
                    "Y11_cm-1": -0.1684351730e-01,
                    "Y21_cm-1":  0.5150977893e-06,
                    "Y31_cm-1":  0.1230367601e-07,
                    "Y41_cm-1":  0.1297329404e-08,
                    "Y51_cm-1": -0.5329362422e-11,
                    "Y61_cm-1": -0.1294290497e-11,
                    "Y02_cm-1": -0.5814689407e-05,
                    "Y12_cm-1":  0.8862926833e-09,
                    "Y22_cm-1": -0.1343325199e-09,
                    "Y32_cm-1": -0.2676234886e-11,
                    "Y42_cm-1":  0.1493620504e-12,
                    "Y52_cm-1": -0.4200662846e-14,
                    "Y03_cm-1":  0.5143957800e-11,
                    "Y13_cm-1": -0.1382606399e-12,
                    "Y23_cm-1": -0.1327834336e-14,
                    "ZPE_cm-1": 1067.8460624841669
                    }
                },
            "electronic_levels_names": [
                "X1SIG+"
                ]
            }
        },